country,region,year,score,gdp,life_expectancy,freedom,corruption
Switzerland,Western Europe,2015,7.587,1.39651,0.94143,0.66557,0.41978
Iceland,Western Europe,2015,7.561,1.30232,0.94784,0.62877,0.14145
Denmark,Western Europe,2015,7.527,1.32548,0.87464,0.64938,0.48357
Norway,Western Europe,2015,7.522,1.459,0.88521,0.66973,0.36503
Canada,North America,2015,7.427,1.32629,0.90563,0.63297,0.32957
Finland,Western Europe,2015,7.406,1.29025,0.88911,0.64169,0.41372
Netherlands,Western Europe,2015,7.378,1.32944,0.89284,0.61576,0.31814
Sweden,Western Europe,2015,7.364,1.33171,0.91087,0.6598,0.43844
New Zealand,Australia and New Zealand,2015,7.286,1.25018,0.90837,0.63938,0.42922
Australia,Australia and New Zealand,2015,7.284,1.33358,0.93156,0.65124,0.35637
Israel,Middle East and Northern Africa,2015,7.278,1.22857,0.91387,0.41319,0.07785
Costa Rica,Latin America and Caribbean,2015,7.226,0.95578,0.86027,0.63376,0.10583
Austria,Western Europe,2015,7.2,1.33723,0.89042,0.62433,0.18676
Mexico,Latin America and Caribbean,2015,7.187,1.02054,0.81444,0.48181,0.21312
United States,North America,2015,7.119,1.39451,0.86179,0.54604,0.1589
Brazil,Latin America and Caribbean,2015,6.983,0.98124,0.69702,0.49049,0.17521
Luxembourg,Western Europe,2015,6.946,1.56391,0.91894,0.61583,0.37798
Ireland,Western Europe,2015,6.94,1.33596,0.89533,0.61777,0.28703
Belgium,Western Europe,2015,6.937,1.30782,0.89667,0.5845,0.2254
United Arab Emirates,Middle East and Northern Africa,2015,6.901,1.42727,0.80925,0.64157,0.38583
United Kingdom,Western Europe,2015,6.867,1.26637,0.90943,0.59625,0.32067
Oman,Middle East and Northern Africa,2015,6.853,1.36011,0.76276,0.63274,0.32524
Venezuela,Latin America and Caribbean,2015,6.81,1.04424,0.72052,0.42908,0.11069
Singapore,Southeastern Asia,2015,6.798,1.52186,1.02525,0.54252,0.4921
Panama,Latin America and Caribbean,2015,6.786,1.06353,0.79661,0.5421,0.0927
Germany,Western Europe,2015,6.75,1.32792,0.89186,0.61477,0.21843
Chile,Latin America and Caribbean,2015,6.67,1.10715,0.85857,0.44132,0.12869
Qatar,Middle East and Northern Africa,2015,6.611,1.69042,0.79733,0.6404,0.52208
France,Western Europe,2015,6.575,1.27778,0.94579,0.55011,0.20646
Argentina,Latin America and Caribbean,2015,6.574,1.05351,0.78723,0.44974,0.08484
Czech Republic,Central and Eastern Europe,2015,6.505,1.17898,0.84483,0.46364,0.02652
Uruguay,Latin America and Caribbean,2015,6.485,1.06166,0.8116,0.60362,0.24558
Colombia,Latin America and Caribbean,2015,6.477,0.91861,0.69077,0.53466,0.0512
Thailand,Southeastern Asia,2015,6.455,0.9669,0.7385,0.55664,0.03187
Saudi Arabia,Middle East and Northern Africa,2015,6.411,1.39541,0.72025,0.31048,0.32524
Spain,Western Europe,2015,6.329,1.23011,0.95562,0.45951,0.06398
Malta,Western Europe,2015,6.302,1.2074,0.88721,0.60365,0.13586
Taiwan,Eastern Asia,2015,6.298,1.29098,0.8753,0.3974,0.08129
Kuwait,Middle East and Northern Africa,2015,6.295,1.55422,0.72492,0.55499,0.25609
Suriname,Latin America and Caribbean,2015,6.269,0.99534,0.6082,0.59657,0.13633
Trinidad and Tobago,Latin America and Caribbean,2015,6.168,1.21183,0.61483,0.55884,0.0114
El Salvador,Latin America and Caribbean,2015,6.13,0.76454,0.67737,0.4035,0.11776
Guatemala,Latin America and Caribbean,2015,6.123,0.74553,0.64425,0.57733,0.09472
Uzbekistan,Central and Eastern Europe,2015,6.003,0.63244,0.59772,0.65821,0.30826
Slovakia,Central and Eastern Europe,2015,5.995,1.16891,0.78902,0.31751,0.03431
Japan,Eastern Asia,2015,5.987,1.27074,0.99111,0.49615,0.1806
South Korea,Eastern Asia,2015,5.984,1.24461,0.96538,0.33208,0.07857
Ecuador,Latin America and Caribbean,2015,5.975,0.86402,0.79075,0.48574,0.1809
Bahrain,Middle East and Northern Africa,2015,5.96,1.32376,0.74716,0.45492,0.306
Italy,Western Europe,2015,5.948,1.25114,0.95446,0.26236,0.02901
Bolivia,Latin America and Caribbean,2015,5.89,0.68133,0.5392,0.57414,0.088
Moldova,Central and Eastern Europe,2015,5.889,0.59448,0.61826,0.32818,0.01615
Paraguay,Latin America and Caribbean,2015,5.878,0.75985,0.66098,0.53899,0.08242
Kazakhstan,Central and Eastern Europe,2015,5.855,1.12254,0.64368,0.51649,0.08454
Slovenia,Central and Eastern Europe,2015,5.848,1.18498,0.87337,0.60855,0.03787
Lithuania,Central and Eastern Europe,2015,5.833,1.14723,0.73128,0.21342,0.01031
Nicaragua,Latin America and Caribbean,2015,5.828,0.59325,0.74314,0.55475,0.19317
Peru,Latin America and Caribbean,2015,5.824,0.90019,0.73017,0.41496,0.05989
Belarus,Central and Eastern Europe,2015,5.813,1.03192,0.73608,0.37938,0.1909
Poland,Central and Eastern Europe,2015,5.791,1.12555,0.77903,0.53122,0.04212
Malaysia,Southeastern Asia,2015,5.77,1.12486,0.72394,0.53024,0.10501
Croatia,Central and Eastern Europe,2015,5.759,1.08254,0.78805,0.25883,0.0243
Libya,Middle East and Northern Africa,2015,5.754,1.13145,0.7038,0.41668,0.11023
Russia,Central and Eastern Europe,2015,5.716,1.13764,0.66926,0.36679,0.03005
Jamaica,Latin America and Caribbean,2015,5.709,0.81038,0.68741,0.50442,0.02299
North Cyprus,Western Europe,2015,5.695,1.20806,0.92356,0.49027,0.1428
Cyprus,Western Europe,2015,5.689,1.20813,0.92356,0.40672,0.06146
Algeria,Middle East and Northern Africa,2015,5.605,0.93929,0.61766,0.28579,0.17383
Kosovo,Central and Eastern Europe,2015,5.589,0.80148,0.63132,0.24749,0.04741
Turkmenistan,Central and Eastern Europe,2015,5.548,0.95847,0.53886,0.4761,0.30844
Mauritius,Sub-Saharan Africa,2015,5.477,1.00761,0.7095,0.56066,0.07521
Hong Kong,Eastern Asia,2015,5.474,1.38604,1.01328,0.59608,0.37124
Estonia,Central and Eastern Europe,2015,5.429,1.15174,0.77361,0.44888,0.15184
Indonesia,Southeastern Asia,2015,5.399,0.82827,0.63793,0.46611,0.0
Vietnam,Southeastern Asia,2015,5.36,0.63216,0.74676,0.59444,0.10441
Turkey,Middle East and Northern Africa,2015,5.332,1.06098,0.73172,0.22815,0.15746
Kyrgyzstan,Central and Eastern Europe,2015,5.286,0.47428,0.65088,0.43477,0.04232
Nigeria,Sub-Saharan Africa,2015,5.268,0.65435,0.16007,0.34334,0.0403
Bhutan,Southern Asia,2015,5.253,0.77042,0.57407,0.53206,0.15445
Azerbaijan,Central and Eastern Europe,2015,5.212,1.02389,0.64045,0.3703,0.16065
Pakistan,Southern Asia,2015,5.194,0.59543,0.51466,0.12102,0.10464
Jordan,Middle East and Northern Africa,2015,5.192,0.90198,0.69639,0.40661,0.14293
Montenegro,Central and Eastern Europe,2015,5.192,0.97438,0.72521,0.1826,0.14296
China,Eastern Asia,2015,5.14,0.89012,0.81658,0.51697,0.02781
Zambia,Sub-Saharan Africa,2015,5.129,0.47038,0.29924,0.48827,0.12468
Romania,Central and Eastern Europe,2015,5.124,1.04345,0.7689,0.35068,0.00649
Serbia,Central and Eastern Europe,2015,5.123,0.92053,0.74836,0.20107,0.02617
Portugal,Western Europe,2015,5.102,1.15991,0.87519,0.51469,0.01078
Latvia,Central and Eastern Europe,2015,5.098,1.11312,0.72437,0.29671,0.06332
Philippines,Southeastern Asia,2015,5.073,0.70532,0.58114,0.62545,0.12279
Somaliland region,Sub-Saharan Africa,2015,5.057,0.18847,0.43873,0.46582,0.39928
Morocco,Middle East and Northern Africa,2015,5.013,0.73479,0.60954,0.41691,0.08546
Macedonia,Central and Eastern Europe,2015,5.007,0.91851,0.73545,0.33457,0.05327
Mozambique,Sub-Saharan Africa,2015,4.971,0.08308,0.09131,0.34037,0.15603
Albania,Central and Eastern Europe,2015,4.959,0.87867,0.81325,0.35733,0.06413
Bosnia and Herzegovina,Central and Eastern Europe,2015,4.949,0.83223,0.79081,0.09245,0.00227
Lesotho,Sub-Saharan Africa,2015,4.898,0.37545,0.07612,0.31767,0.12504
Dominican Republic,Latin America and Caribbean,2015,4.885,0.89537,0.66825,0.57672,0.14234
Laos,Southeastern Asia,2015,4.876,0.59066,0.54909,0.59591,0.24249
Mongolia,Eastern Asia,2015,4.874,0.82819,0.60268,0.43626,0.02666
Swaziland,Sub-Saharan Africa,2015,4.867,0.71206,0.07566,0.30658,0.0306
Greece,Western Europe,2015,4.857,1.15406,0.88213,0.07699,0.01397
Lebanon,Middle East and Northern Africa,2015,4.839,1.02564,0.83947,0.33916,0.04582
Hungary,Central and Eastern Europe,2015,4.8,1.12094,0.75905,0.32112,0.02758
Honduras,Latin America and Caribbean,2015,4.788,0.59532,0.6951,0.40148,0.06825
Tajikistan,Central and Eastern Europe,2015,4.786,0.39047,0.57379,0.47216,0.15072
Tunisia,Middle East and Northern Africa,2015,4.739,0.88113,0.73793,0.26268,0.06358
Palestinian Territories,Middle East and Northern Africa,2015,4.715,0.59867,0.66015,0.24499,0.12905
Bangladesh,Southern Asia,2015,4.694,0.39753,0.60164,0.4082,0.12569
Iran,Middle East and Northern Africa,2015,4.686,1.0088,0.69805,0.30033,0.05863
Ukraine,Central and Eastern Europe,2015,4.681,0.79907,0.6739,0.25123,0.02961
Iraq,Middle East and Northern Africa,2015,4.677,0.98549,0.60237,0.0,0.13788
South Africa,Sub-Saharan Africa,2015,4.642,0.92049,0.27688,0.33207,0.08884
Ghana,Sub-Saharan Africa,2015,4.633,0.54558,0.40132,0.42342,0.04355
Zimbabwe,Sub-Saharan Africa,2015,4.61,0.271,0.33475,0.25861,0.08079
Liberia,Sub-Saharan Africa,2015,4.571,0.0712,0.34201,0.28531,0.06232
India,Southern Asia,2015,4.565,0.64499,0.51529,0.39786,0.08492
Sudan,Sub-Saharan Africa,2015,4.55,0.52107,0.36878,0.10081,0.1466
Haiti,Latin America and Caribbean,2015,4.518,0.26673,0.38847,0.24425,0.17175
Congo (Kinshasa),Sub-Saharan Africa,2015,4.517,0.0,0.09806,0.22605,0.07625
Nepal,Southern Asia,2015,4.514,0.35997,0.56874,0.38282,0.05907
Ethiopia,Sub-Saharan Africa,2015,4.512,0.19073,0.44055,0.4345,0.15048
Sierra Leone,Sub-Saharan Africa,2015,4.507,0.33024,0.0,0.4084,0.08786
Mauritania,Sub-Saharan Africa,2015,4.436,0.45407,0.35874,0.24232,0.17461
Kenya,Sub-Saharan Africa,2015,4.419,0.36471,0.41435,0.42215,0.05839
Djibouti,Sub-Saharan Africa,2015,4.369,0.44025,0.36291,0.46074,0.28105
Armenia,Central and Eastern Europe,2015,4.35,0.76821,0.7299,0.19847,0.039
Botswana,Sub-Saharan Africa,2015,4.332,0.99355,0.04776,0.49495,0.12474
Myanmar,Southeastern Asia,2015,4.307,0.27108,0.48246,0.44017,0.19034
Georgia,Central and Eastern Europe,2015,4.297,0.7419,0.72926,0.40577,0.38331
Malawi,Sub-Saharan Africa,2015,4.292,0.01604,0.22562,0.43054,0.06977
Sri Lanka,Southern Asia,2015,4.271,0.83524,0.70806,0.53726,0.09179
Cameroon,Sub-Saharan Africa,2015,4.252,0.4225,0.23402,0.49309,0.05786
Bulgaria,Central and Eastern Europe,2015,4.218,1.01216,0.76649,0.30587,0.00872
Egypt,Middle East and Northern Africa,2015,4.194,0.8818,0.61712,0.17288,0.06324
Yemen,Middle East and Northern Africa,2015,4.077,0.54649,0.40064,0.35571,0.07854
Angola,Sub-Saharan Africa,2015,4.033,0.75778,0.16683,0.10384,0.07122
Mali,Sub-Saharan Africa,2015,3.995,0.26074,0.20583,0.38857,0.12352
Congo (Brazzaville),Sub-Saharan Africa,2015,3.989,0.67866,0.31051,0.41466,0.11686
Comoros,Sub-Saharan Africa,2015,3.956,0.23906,0.36315,0.22917,0.199
Uganda,Sub-Saharan Africa,2015,3.931,0.21102,0.33861,0.45727,0.07267
Senegal,Sub-Saharan Africa,2015,3.904,0.36498,0.4354,0.36772,0.10713
Gabon,Sub-Saharan Africa,2015,3.896,1.06024,0.43372,0.31914,0.11091
Niger,Sub-Saharan Africa,2015,3.845,0.0694,0.29707,0.47692,0.15639
Cambodia,Southeastern Asia,2015,3.819,0.46038,0.61114,0.66246,0.07247
Tanzania,Sub-Saharan Africa,2015,3.781,0.2852,0.38215,0.32878,0.05747
Madagascar,Sub-Saharan Africa,2015,3.681,0.20824,0.46721,0.19184,0.08124
Central African Republic,Sub-Saharan Africa,2015,3.678,0.0785,0.06699,0.48879,0.08289
Chad,Sub-Saharan Africa,2015,3.667,0.34193,0.1501,0.23501,0.05269
Guinea,Sub-Saharan Africa,2015,3.656,0.17417,0.24009,0.37725,0.12139
Ivory Coast,Sub-Saharan Africa,2015,3.655,0.46534,0.15185,0.46866,0.17922
Burkina Faso,Sub-Saharan Africa,2015,3.587,0.25812,0.27125,0.39493,0.12832
Afghanistan,Southern Asia,2015,3.575,0.31982,0.30335,0.23414,0.09719
Rwanda,Sub-Saharan Africa,2015,3.465,0.22208,0.42864,0.59201,0.55191
Benin,Sub-Saharan Africa,2015,3.34,0.28665,0.3191,0.4845,0.0801
Syria,Middle East and Northern Africa,2015,3.006,0.6632,0.72193,0.15684,0.18906
Burundi,Sub-Saharan Africa,2015,2.905,0.0153,0.22396,0.1185,0.10062
Togo,Sub-Saharan Africa,2015,2.839,0.20868,0.28443,0.36453,0.10731
Denmark,Western Europe,2016,7.526,1.44178,0.79504,0.57941,0.44453
Switzerland,Western Europe,2016,7.509,1.52733,0.86303,0.58557,0.41203
Iceland,Western Europe,2016,7.501,1.42666,0.86733,0.56624,0.14975
Norway,Western Europe,2016,7.498,1.57744,0.79579,0.59609,0.35776
Finland,Western Europe,2016,7.413,1.40598,0.81091,0.57104,0.41004
Canada,North America,2016,7.404,1.44015,0.8276,0.5737,0.31329
Netherlands,Western Europe,2016,7.339,1.46468,0.81231,0.55211,0.29927
New Zealand,Australia and New Zealand,2016,7.334,1.36066,0.83096,0.58147,0.41904
Australia,Australia and New Zealand,2016,7.313,1.44443,0.8512,0.56837,0.32331
Sweden,Western Europe,2016,7.291,1.45181,0.83121,0.58218,0.40867
Israel,Middle East and Northern Africa,2016,7.267,1.33766,0.84917,0.36432,0.08728
Austria,Western Europe,2016,7.119,1.45038,0.80565,0.54355,0.21348
United States,North America,2016,7.104,1.50796,0.779,0.48163,0.14868
Costa Rica,Latin America and Caribbean,2016,7.087,1.06879,0.76146,0.55225,0.10547
Puerto Rico,Latin America and Caribbean,2016,7.039,1.35943,0.77758,0.46823,0.12275
Germany,Western Europe,2016,6.994,1.44787,0.81487,0.53466,0.28551
Brazil,Latin America and Caribbean,2016,6.952,1.08754,0.61415,0.40425,0.14166
Belgium,Western Europe,2016,6.929,1.42539,0.81959,0.51354,0.26248
Ireland,Western Europe,2016,6.907,1.48341,0.81455,0.54008,0.29754
Luxembourg,Western Europe,2016,6.871,1.69752,0.84542,0.5487,0.35329
Mexico,Latin America and Caribbean,2016,6.778,1.11508,0.71143,0.37709,0.18355
Singapore,Southeastern Asia,2016,6.739,1.64555,0.94719,0.4877,0.46987
United Kingdom,Western Europe,2016,6.725,1.40283,0.80991,0.50036,0.27399
Chile,Latin America and Caribbean,2016,6.705,1.2167,0.81883,0.37789,0.11451
Panama,Latin America and Caribbean,2016,6.701,1.18306,0.70835,0.48927,0.08423
Argentina,Latin America and Caribbean,2016,6.65,1.15137,0.69711,0.42284,0.07296
Czech Republic,Central and Eastern Europe,2016,6.596,1.30915,0.76376,0.41418,0.03986
United Arab Emirates,Middle East and Northern Africa,2016,6.573,1.57352,0.72993,0.56215,0.35561
Uruguay,Latin America and Caribbean,2016,6.545,1.18157,0.72183,0.54388,0.21394
Malta,Western Europe,2016,6.488,1.30782,0.80315,0.54994,0.17554
Colombia,Latin America and Caribbean,2016,6.481,1.03032,0.59659,0.44735,0.05399
France,Western Europe,2016,6.478,1.39488,0.83795,0.46562,0.17808
Thailand,Southeastern Asia,2016,6.474,1.0893,0.64915,0.49553,0.02833
Saudi Arabia,Middle East and Northern Africa,2016,6.379,1.48953,0.59267,0.37904,0.30008
Taiwan,Eastern Asia,2016,6.379,1.39729,0.79565,0.32377,0.0663
Qatar,Middle East and Northern Africa,2016,6.375,1.82427,0.71723,0.56679,0.48049
Spain,Western Europe,2016,6.361,1.34253,0.87896,0.37545,0.06137
Algeria,Middle East and Northern Africa,2016,6.355,1.05266,0.61804,0.21006,0.16157
Guatemala,Latin America and Caribbean,2016,6.324,0.83454,0.54039,0.50379,0.08701
Suriname,Latin America and Caribbean,2016,6.269,1.09686,0.50933,0.52234,0.12692
Kuwait,Middle East and Northern Africa,2016,6.239,1.61714,0.63569,0.43166,0.23669
Bahrain,Middle East and Northern Africa,2016,6.218,1.44024,0.65696,0.47375,0.25772
Trinidad and Tobago,Latin America and Caribbean,2016,6.168,1.32572,0.52608,0.48453,0.01241
Venezuela,Latin America and Caribbean,2016,6.084,1.13367,0.61904,0.19847,0.08304
Slovakia,Central and Eastern Europe,2016,6.078,1.27973,0.70367,0.23391,0.02947
El Salvador,Latin America and Caribbean,2016,6.068,0.8737,0.596,0.37269,0.10613
Malaysia,Southeastern Asia,2016,6.005,1.25142,0.62366,0.39031,0.09081
Nicaragua,Latin America and Caribbean,2016,5.992,0.69384,0.65213,0.46582,0.16292
Uzbekistan,Central and Eastern Europe,2016,5.987,0.73591,0.50163,0.60848,0.28333
Italy,Western Europe,2016,5.977,1.35495,0.85102,0.18827,0.02556
Ecuador,Latin America and Caribbean,2016,5.976,0.97306,0.68613,0.4027,0.18037
Belize,Latin America and Caribbean,2016,5.956,0.87616,0.45569,0.51231,0.10771
Japan,Eastern Asia,2016,5.921,1.38007,0.91491,0.46761,0.18985
Kazakhstan,Central and Eastern Europe,2016,5.919,1.22943,0.57386,0.4052,0.11132
Moldova,Central and Eastern Europe,2016,5.897,0.69177,0.52309,0.25202,0.01903
Russia,Central and Eastern Europe,2016,5.856,1.23228,0.58991,0.32682,0.03586
Poland,Central and Eastern Europe,2016,5.835,1.24585,0.69058,0.4519,0.055
South Korea,Eastern Asia,2016,5.835,1.35948,0.88645,0.25168,0.07716
Bolivia,Latin America and Caribbean,2016,5.822,0.79422,0.4697,0.50961,0.07746
Lithuania,Central and Eastern Europe,2016,5.813,1.2692,0.64674,0.18929,0.0182
Belarus,Central and Eastern Europe,2016,5.802,1.13062,0.63104,0.29091,0.17457
North Cyprus,Western Europe,2016,5.771,1.31141,0.84142,0.43596,0.16578
Slovenia,Central and Eastern Europe,2016,5.768,1.29947,0.79151,0.53164,0.03635
Peru,Latin America and Caribbean,2016,5.743,0.99602,0.62994,0.37502,0.05292
Turkmenistan,Central and Eastern Europe,2016,5.658,1.08017,0.44006,0.37408,0.28467
Mauritius,Sub-Saharan Africa,2016,5.648,1.14372,0.66189,0.46145,0.05203
Libya,Middle East and Northern Africa,2016,5.615,1.06688,0.52304,0.40672,0.10339
Latvia,Central and Eastern Europe,2016,5.56,1.21788,0.63952,0.27996,0.0889
Cyprus,Western Europe,2016,5.546,1.31857,0.8488,0.29507,0.05228
Paraguay,Latin America and Caribbean,2016,5.538,0.89373,0.58295,0.46235,0.07396
Romania,Central and Eastern Europe,2016,5.528,1.1697,0.67602,0.36712,0.00679
Estonia,Central and Eastern Europe,2016,5.517,1.27964,0.68098,0.41511,0.18519
Jamaica,Latin America and Caribbean,2016,5.51,0.89333,0.59469,0.43597,0.04294
Croatia,Central and Eastern Europe,2016,5.488,1.18649,0.70524,0.23907,0.04002
Hong Kong,Eastern Asia,2016,5.458,1.5107,0.95277,0.48079,0.31647
Somalia,Sub-Saharan Africa,2016,5.44,0.0,0.11466,0.56778,0.3118
Kosovo,Central and Eastern Europe,2016,5.401,0.90145,0.54,0.14396,0.06547
Turkey,Middle East and Northern Africa,2016,5.389,1.16492,0.64718,0.23889,0.12348
Indonesia,Southeastern Asia,2016,5.314,0.95104,0.49374,0.39237,0.00322
Jordan,Middle East and Northern Africa,2016,5.303,0.99673,0.60712,0.36023,0.13297
Azerbaijan,Central and Eastern Europe,2016,5.291,1.12373,0.54504,0.35327,0.17914
Philippines,Southeastern Asia,2016,5.279,0.81217,0.47036,0.54854,0.11757
China,Eastern Asia,2016,5.245,1.0278,0.73561,0.44012,0.02745
Bhutan,Southern Asia,2016,5.196,0.8527,0.49759,0.46074,0.1616
Kyrgyzstan,Central and Eastern Europe,2016,5.185,0.56044,0.55449,0.40212,0.04762
Serbia,Central and Eastern Europe,2016,5.177,1.03437,0.6458,0.15718,0.04339
Bosnia and Herzegovina,Central and Eastern Europe,2016,5.163,0.93383,0.70766,0.09511,0.0
Montenegro,Central and Eastern Europe,2016,5.161,1.07838,0.63533,0.15111,0.12721
Dominican Republic,Latin America and Caribbean,2016,5.155,1.02787,0.57669,0.52259,0.12372
Morocco,Middle East and Northern Africa,2016,5.151,0.84058,0.59471,0.25646,0.08404
Hungary,Central and Eastern Europe,2016,5.145,1.24142,0.67608,0.1977,0.04472
Pakistan,Southern Asia,2016,5.132,0.68816,0.40306,0.14622,0.1388
Lebanon,Middle East and Northern Africa,2016,5.129,1.12268,0.76171,0.26228,0.03061
Portugal,Western Europe,2016,5.123,1.27607,0.79363,0.44727,0.01521
Macedonia,Central and Eastern Europe,2016,5.121,1.0193,0.64738,0.27668,0.07047
Vietnam,Southeastern Asia,2016,5.061,0.74037,0.66157,0.55954,0.11556
Somaliland Region,Sub-Saharan Africa,2016,5.057,0.25558,0.33108,0.3913,0.36794
Tunisia,Middle East and Northern Africa,2016,5.045,0.97724,0.59577,0.23553,0.0817
Greece,Western Europe,2016,5.033,1.24886,0.80029,0.05822,0.04127
Tajikistan,Central and Eastern Europe,2016,4.996,0.48835,0.53119,0.43408,0.13509
Mongolia,Eastern Asia,2016,4.907,0.98853,0.55469,0.35972,0.03285
Laos,Southeastern Asia,2016,4.876,0.68042,0.38291,0.52168,0.22423
Nigeria,Sub-Saharan Africa,2016,4.875,0.75216,0.05108,0.27854,0.0305
Honduras,Latin America and Caribbean,2016,4.871,0.69429,0.58383,0.26755,0.06906
Iran,Middle East and Northern Africa,2016,4.813,1.11758,0.64232,0.22544,0.0557
Zambia,Sub-Saharan Africa,2016,4.795,0.61202,0.23573,0.42662,0.11479
Nepal,Southern Asia,2016,4.793,0.44626,0.50073,0.37012,0.07008
Palestinian Territories,Middle East and Northern Africa,2016,4.754,0.67024,0.56844,0.17744,0.10613
Albania,Central and Eastern Europe,2016,4.655,0.9553,0.73007,0.31866,0.05301
Bangladesh,Southern Asia,2016,4.643,0.54177,0.52989,0.39778,0.12583
Sierra Leone,Sub-Saharan Africa,2016,4.635,0.36485,0.0,0.30685,0.08196
Iraq,Middle East and Northern Africa,2016,4.575,1.07474,0.51076,0.24856,0.13636
Namibia,Sub-Saharan Africa,2016,4.574,0.93287,0.34745,0.48614,0.10398
Cameroon,Sub-Saharan Africa,2016,4.513,0.52497,0.12698,0.42736,0.06126
Ethiopia,Sub-Saharan Africa,2016,4.508,0.29283,0.34578,0.36703,0.1717
South Africa,Sub-Saharan Africa,2016,4.459,1.02416,0.18611,0.42483,0.08415
Sri Lanka,Southern Asia,2016,4.415,0.97318,0.62007,0.50817,0.07964
India,Southern Asia,2016,4.404,0.74036,0.45091,0.40285,0.08722
Myanmar,Southeastern Asia,2016,4.395,0.34112,0.3988,0.42692,0.20243
Egypt,Middle East and Northern Africa,2016,4.362,0.95395,0.52116,0.18847,0.10393
Armenia,Central and Eastern Europe,2016,4.36,0.86086,0.64083,0.14037,0.03616
Kenya,Sub-Saharan Africa,2016,4.356,0.52267,0.30147,0.40576,0.06686
Ukraine,Central and Eastern Europe,2016,4.324,0.87287,0.58628,0.12859,0.01829
Ghana,Sub-Saharan Africa,2016,4.276,0.63107,0.29681,0.40973,0.0326
Congo (Kinshasa),Sub-Saharan Africa,2016,4.272,0.05661,0.188,0.15602,0.06075
Georgia,Central and Eastern Europe,2016,4.252,0.83792,0.64035,0.32461,0.3188
Congo (Brazzaville),Sub-Saharan Africa,2016,4.236,0.77109,0.28212,0.37938,0.09753
Senegal,Sub-Saharan Africa,2016,4.219,0.44314,0.40457,0.31056,0.11681
Bulgaria,Central and Eastern Europe,2016,4.217,1.11306,0.67806,0.21219,0.00615
Mauritania,Sub-Saharan Africa,2016,4.201,0.61391,0.28639,0.1268,0.17955
Zimbabwe,Sub-Saharan Africa,2016,4.193,0.35041,0.1595,0.25429,0.08582
Malawi,Sub-Saharan Africa,2016,4.156,0.08709,0.29364,0.4143,0.07564
Sudan,Sub-Saharan Africa,2016,4.139,0.63069,0.29759,0.0,0.10039
Gabon,Sub-Saharan Africa,2016,4.121,1.15851,0.3494,0.28098,0.09314
Mali,Sub-Saharan Africa,2016,4.073,0.31292,0.16347,0.27544,0.13647
Haiti,Latin America and Caribbean,2016,4.028,0.34097,0.27494,0.12072,0.14476
Botswana,Sub-Saharan Africa,2016,3.974,1.09426,0.34752,0.44089,0.10769
Comoros,Sub-Saharan Africa,2016,3.956,0.27509,0.29981,0.15412,0.18437
Ivory Coast,Sub-Saharan Africa,2016,3.916,0.55507,0.04476,0.40663,0.1553
Cambodia,Southeastern Asia,2016,3.907,0.55604,0.42494,0.58852,0.08092
Angola,Sub-Saharan Africa,2016,3.866,0.84731,0.04991,0.00589,0.08434
Niger,Sub-Saharan Africa,2016,3.856,0.1327,0.26162,0.38041,0.17176
South Sudan,Sub-Saharan Africa,2016,3.832,0.39394,0.15781,0.19662,0.13015
Chad,Sub-Saharan Africa,2016,3.763,0.42214,0.03824,0.12807,0.04952
Burkina Faso,Sub-Saharan Africa,2016,3.739,0.31995,0.21297,0.3337,0.12533
Uganda,Sub-Saharan Africa,2016,3.739,0.34719,0.19625,0.43653,0.06442
Yemen,Middle East and Northern Africa,2016,3.724,0.57939,0.31048,0.2287,0.05892
Madagascar,Sub-Saharan Africa,2016,3.695,0.27954,0.37109,0.13684,0.07506
Tanzania,Sub-Saharan Africa,2016,3.666,0.47155,0.357,0.3176,0.05099
Liberia,Sub-Saharan Africa,2016,3.622,0.10706,0.23165,0.25748,0.04852
Guinea,Sub-Saharan Africa,2016,3.607,0.22415,0.18829,0.30953,0.1192
Rwanda,Sub-Saharan Africa,2016,3.515,0.32846,0.31865,0.5432,0.50521
Benin,Sub-Saharan Africa,2016,3.484,0.39499,0.21028,0.39747,0.06681
Afghanistan,Southern Asia,2016,3.36,0.38227,0.17344,0.1643,0.07112
Togo,Sub-Saharan Africa,2016,3.303,0.28123,0.24811,0.34678,0.11587
Syria,Middle East and Northern Africa,2016,3.069,0.74719,0.62994,0.06912,0.17233
Burundi,Sub-Saharan Africa,2016,2.905,0.06831,0.15747,0.0432,0.09419
Norway,,2017,1.0,,,0.635422587394714,
Denmark,,2017,2.0,,,0.626006722450256,
Iceland,,2017,3.0,,,0.627162635326385,
Switzerland,,2017,4.0,,,0.620070576667786,
Finland,,2017,5.0,,,0.617950856685638,
Netherlands,,2017,6.0,,,0.585384488105774,
Canada,,2017,7.0,,,0.611100912094116,
New Zealand,,2017,8.0,,,0.614062130451202,
Sweden,,2017,9.0,,,0.612924098968506,
Australia,,2017,10.0,,,0.601607382297516,
Israel,,2017,11.0,,,0.405988603830338,
Costa Rica,,2017,12.0,,,0.580131649971008,
Austria,,2017,13.0,,,0.567766189575195,
United States,,2017,14.0,,,0.505740523338318,
Ireland,,2017,15.0,,,0.573110342025757,
Germany,,2017,16.0,,,0.562511384487152,
Belgium,,2017,17.0,,,0.539770722389221,
Luxembourg,,2017,18.0,,,0.59662789106369,
United Kingdom,,2017,19.0,,,0.508190035820007,
Chile,,2017,20.0,,,0.376895278692245,
United Arab Emirates,,2017,21.0,,,0.60834527015686,
Brazil,,2017,22.0,,,0.437453746795654,
Czech Republic,,2017,23.0,,,0.490946173667908,
Argentina,,2017,24.0,,,0.494519203901291,
Mexico,,2017,25.0,,,0.412730008363724,
Singapore,,2017,26.0,,,0.549840569496155,
Malta,,2017,27.0,,,0.588767051696777,
Uruguay,,2017,28.0,,,0.57939225435257,
Guatemala,,2017,29.0,,,0.531310617923737,
Panama,,2017,30.0,,,0.550026834011078,
France,,2017,31.0,,,0.470222115516663,
Thailand,,2017,32.0,,,0.580200731754303,
Taiwan Province of China,,2017,33.0,,,0.361466586589813,
Spain,,2017,34.0,,,0.408781230449677,
Qatar,,2017,35.0,,,0.604130983352661,
Colombia,,2017,36.0,,,0.477487415075302,
Saudi Arabia,,2017,37.0,,,0.449750572443008,
Trinidad and Tobago,,2017,38.0,,,0.518630743026733,
Kuwait,,2017,39.0,,,0.496337592601776,
Slovakia,,2017,40.0,,,0.295817464590073,
Bahrain,,2017,41.0,,,0.536746919155121,
Malaysia,,2017,42.0,,,0.402264982461929,
Nicaragua,,2017,43.0,,,0.447551846504211,
Ecuador,,2017,44.0,,,0.4551981985569,
El Salvador,,2017,45.0,,,0.432452529668808,
Poland,,2017,46.0,,,0.520342111587524,
Uzbekistan,,2017,47.0,,,0.658248662948608,
Italy,,2017,48.0,,,0.256450712680817,
Russia,,2017,49.0,,,0.373783111572266,
Belize,,2017,50.0,,,0.547509372234344,
Japan,,2017,51.0,,,0.505625545978546,
Lithuania,,2017,52.0,,,0.234231784939766,
Algeria,,2017,53.0,,,0.233335807919502,
Latvia,,2017,54.0,,,0.325707912445068,
South Korea,,2017,55.0,,,0.257921665906906,
Moldova,,2017,56.0,,,0.240729048848152,
Romania,,2017,57.0,,,0.457003742456436,
Bolivia,,2017,58.0,,,0.558732926845551,
Turkmenistan,,2017,59.0,,,0.41827192902565,
Kazakhstan,,2017,60.0,,,0.437454283237457,
North Cyprus,,2017,61.0,,,0.471203625202179,
Slovenia,,2017,62.0,,,0.572575807571411,
Peru,,2017,63.0,,,0.450002878904343,
Mauritius,,2017,64.0,,,0.491247326135635,
Cyprus,,2017,65.0,,,0.355111539363861,
Estonia,,2017,66.0,,,0.479131430387497,
Belarus,,2017,67.0,,,0.295400261878967,
Libya,,2017,68.0,,,0.465733230113983,
Turkey,,2017,69.0,,,0.300740599632263,
Paraguay,,2017,70.0,,,0.473507791757584,
"Hong Kong S.A.R., China",,2017,71.0,,,0.490968644618988,
Philippines,,2017,72.0,,,0.585214674472809,
Serbia,,2017,73.0,,,0.208715528249741,
Jordan,,2017,74.0,,,0.418421149253845,
Hungary,,2017,75.0,,,0.175863519310951,
Jamaica,,2017,76.0,,,0.474307239055634,
Croatia,,2017,77.0,,,0.255772292613983,
Kosovo,,2017,78.0,,,0.260287940502167,
China,,2017,79.0,,,0.472787708044052,
Pakistan,,2017,80.0,,,0.23521526157856,
Indonesia,,2017,81.0,,,0.443323463201523,
Venezuela,,2017,82.0,,,0.153997123241425,
Montenegro,,2017,83.0,,,0.194989055395126,
Morocco,,2017,84.0,,,0.408158332109451,
Azerbaijan,,2017,85.0,,,0.398155838251114,
Dominican Republic,,2017,86.0,,,0.55258983373642,
Greece,,2017,87.0,,,0.0957312509417534,
Lebanon,,2017,88.0,,,0.288515985012054,
Portugal,,2017,89.0,,,0.498465299606323,
Bosnia and Herzegovina,,2017,90.0,,,0.204403176903725,
Honduras,,2017,91.0,,,0.348079860210419,
Macedonia,,2017,92.0,,,0.325905978679657,
Somalia,,2017,93.0,,,0.602126955986023,
Vietnam,,2017,94.0,,,0.571055591106415,
Nigeria,,2017,95.0,,,0.394952565431595,
Tajikistan,,2017,96.0,,,0.471566706895828,
Bhutan,,2017,97.0,,,0.501537680625916,
Kyrgyzstan,,2017,98.0,,,0.454943388700485,
Nepal,,2017,99.0,,,0.440305948257446,
Mongolia,,2017,100.0,,,0.394143968820572,
South Africa,,2017,101.0,,,0.479246735572815,
Tunisia,,2017,102.0,,,0.289680689573288,
Palestinian Territories,,2017,103.0,,,0.25471106171608,
Egypt,,2017,104.0,,,0.282110154628754,
Bulgaria,,2017,105.0,,,0.289231717586517,
Sierra Leone,,2017,106.0,,,0.318697690963745,
Cameroon,,2017,107.0,,,0.430388748645782,
Iran,,2017,108.0,,,0.249322608113289,
Albania,,2017,109.0,,,0.381498634815216,
Bangladesh,,2017,110.0,,,0.478356659412384,
Namibia,,2017,111.0,,,0.520303547382355,
Kenya,,2017,112.0,,,0.452763766050339,
Mozambique,,2017,113.0,,,0.480791091918945,
Myanmar,,2017,114.0,,,0.514492034912109,
Senegal,,2017,115.0,,,0.377922266721725,
Zambia,,2017,116.0,,,0.461603492498398,
Iraq,,2017,117.0,,,0.288555532693863,
Gabon,,2017,118.0,,,0.312328577041626,
Ethiopia,,2017,119.0,,,0.408842742443085,
Sri Lanka,,2017,120.0,,,0.561213254928589,
Armenia,,2017,121.0,,,0.198303267359734,
India,,2017,122.0,,,0.469987004995346,
Mauritania,,2017,123.0,,,0.0960980430245399,
Congo (Brazzaville),,2017,124.0,,,0.435025870800018,
Georgia,,2017,125.0,,,0.309410035610199,
Congo (Kinshasa),,2017,126.0,,,0.235961347818375,
Mali,,2017,127.0,,,0.306613743305206,
Ivory Coast,,2017,128.0,,,0.447706192731857,
Cambodia,,2017,129.0,,,0.633375823497772,
Sudan,,2017,130.0,,,0.0149958552792668,
Ghana,,2017,131.0,,,0.423026293516159,
Ukraine,,2017,132.0,,,0.122974775731564,
Uganda,,2017,133.0,,,0.443185955286026,
Burkina Faso,,2017,134.0,,,0.324367851018906,
Niger,,2017,135.0,,,0.36365869641304,
Malawi,,2017,136.0,,,0.466914653778076,
Chad,,2017,137.0,,,0.16234202682972,
Zimbabwe,,2017,138.0,,,0.336384207010269,
Lesotho,,2017,139.0,,,0.390661299228668,
Angola,,2017,140.0,,,0.0,
Afghanistan,,2017,141.0,,,0.106179520487785,
Botswana,,2017,142.0,,,0.505196332931519,
Benin,,2017,143.0,,,0.425962775945663,
Madagascar,,2017,144.0,,,0.189196765422821,
Haiti,,2017,145.0,,,0.0303698573261499,
Yemen,,2017,146.0,,,0.249463722109795,
South Sudan,,2017,147.0,,,0.147062435746193,
Liberia,,2017,148.0,,,0.332881182432175,
Guinea,,2017,149.0,,,0.348587512969971,
Togo,,2017,150.0,,,0.38042613863945,
Rwanda,,2017,151.0,,,0.581843852996826,
Syria,,2017,152.0,,,0.0815394446253777,
Tanzania,,2017,153.0,,,0.390017777681351,
Burundi,,2017,154.0,,,0.0599007532000542,
Central African Republic,,2017,155.0,,,0.270842045545578,
Finland,,2018,7.632,1.305,0.874,0.681,0.393
Norway,,2018,7.594,1.456,0.861,0.686,0.34
Denmark,,2018,7.555,1.351,0.868,0.683,0.408
Iceland,,2018,7.495,1.343,0.914,0.677,0.138
Switzerland,,2018,7.487,1.42,0.927,0.66,0.357
Netherlands,,2018,7.441,1.361,0.878,0.638,0.295
Canada,,2018,7.328,1.33,0.896,0.653,0.291
New Zealand,,2018,7.324,1.268,0.876,0.669,0.389
Sweden,,2018,7.314,1.355,0.913,0.659,0.383
Australia,,2018,7.272,1.34,0.91,0.647,0.302
United Kingdom,,2018,7.19,1.244,0.888,0.464,0.082
Austria,,2018,7.139,1.341,0.891,0.617,0.224
Costa Rica,,2018,7.072,1.01,0.817,0.632,0.101
Ireland,,2018,6.977,1.448,0.876,0.614,0.306
Germany,,2018,6.965,1.34,0.861,0.586,0.28
Belgium,,2018,6.927,1.324,0.894,0.583,0.24
Luxembourg,,2018,6.91,1.576,0.896,0.632,0.321
United States,,2018,6.886,1.398,0.819,0.547,0.133
Israel,,2018,6.814,1.301,0.883,0.533,0.272
United Arab Emirates,,2018,6.774,2.096,0.67,0.284,
Czech Republic,,2018,6.711,1.233,0.854,0.543,0.034
Malta,,2018,6.627,1.27,0.884,0.645,0.142
France,,2018,6.489,1.293,0.908,0.52,0.176
Mexico,,2018,6.488,1.038,0.761,0.479,0.095
Chile,,2018,6.476,1.131,0.808,0.431,0.061
Taiwan,,2018,6.441,1.365,0.857,0.418,0.078
Panama,,2018,6.43,1.112,0.759,0.597,0.063
Brazil,,2018,6.419,0.986,0.675,0.493,0.088
Argentina,,2018,6.388,1.073,0.744,0.57,0.054
Guatemala,,2018,6.382,0.781,0.608,0.604,0.071
Uruguay,,2018,6.379,1.093,0.771,0.625,0.155
Qatar,,2018,6.374,1.649,0.748,0.654,0.171
Saudi Arabia,,2018,6.371,1.379,0.633,0.509,0.127
Singapore,,2018,6.343,1.529,1.008,0.631,0.457
Malaysia,,2018,6.322,1.161,0.669,0.356,0.059
Spain,,2018,6.31,1.251,0.965,0.449,0.074
Colombia,,2018,6.26,0.96,0.635,0.531,0.039
Trinidad & Tobago,,2018,6.192,1.223,0.564,0.575,0.019
Slovakia,,2018,6.173,1.21,0.776,0.354,0.014
El Salvador,,2018,6.167,0.806,0.639,0.461,0.082
Nicaragua,,2018,6.141,0.668,0.7,0.527,0.128
Poland,,2018,6.123,1.176,0.781,0.546,0.064
Bahrain,,2018,6.105,1.338,0.698,0.594,0.123
Uzbekistan,,2018,6.096,0.719,0.605,0.724,0.259
Kuwait,,2018,6.083,1.474,0.675,0.554,0.106
Thailand,,2018,6.072,1.016,0.707,0.637,0.029
Italy,,2018,6.0,1.264,0.946,0.281,0.028
Ecuador,,2018,5.973,0.889,0.736,0.556,0.12
Belize,,2018,5.956,0.807,0.474,0.593,0.089
Lithuania,,2018,5.952,1.197,0.716,0.35,0.006
Slovenia,,2018,5.948,1.219,0.856,0.633,0.051
Romania,,2018,5.945,1.116,0.726,0.528,0.001
Latvia,,2018,5.933,1.148,0.671,0.363,0.066
Japan,,2018,5.915,1.294,0.988,0.553,0.15
Mauritius,,2018,5.891,1.09,0.684,0.584,0.05
Jamaica,,2018,5.89,0.819,0.693,0.575,0.031
South Korea,,2018,5.875,1.266,0.955,0.244,0.051
Northern Cyprus,,2018,5.835,1.229,0.909,0.495,0.154
Russia,,2018,5.81,1.151,0.599,0.399,0.025
Kazakhstan,,2018,5.79,1.143,0.631,0.454,0.121
Cyprus,,2018,5.762,1.229,0.909,0.423,0.035
Bolivia,,2018,5.752,0.751,0.508,0.606,0.054
Estonia,,2018,5.739,1.2,0.737,0.553,0.174
Paraguay,,2018,5.681,0.835,0.615,0.541,0.074
Peru,,2018,5.663,0.934,0.674,0.53,0.034
Kosovo,,2018,5.662,0.855,0.578,0.448,0.023
Moldova,,2018,5.64,0.657,0.62,0.232,0.0
Turkmenistan,,2018,5.636,1.016,0.517,0.417,0.037
Hungary,,2018,5.62,1.171,0.732,0.259,0.022
Libya,,2018,5.566,0.985,0.553,0.496,0.148
Philippines,,2018,5.524,0.775,0.513,0.643,0.105
Honduras,,2018,5.504,0.62,0.622,0.459,0.074
Belarus,,2018,5.483,1.039,0.7,0.307,0.154
Turkey,,2018,5.483,1.148,0.686,0.324,0.109
Pakistan,,2018,5.472,0.652,0.424,0.334,0.113
Hong Kong,,2018,5.43,1.405,1.03,0.524,0.291
Portugal,,2018,5.41,1.188,0.884,0.562,0.017
Serbia,,2018,5.398,0.975,0.685,0.288,0.043
Greece,,2018,5.358,1.154,0.879,0.131,0.044
Lebanon,,2018,5.358,0.965,0.785,0.503,0.136
Montenegro,,2018,5.347,1.017,0.729,0.259,0.081
Croatia,,2018,5.321,1.115,0.737,0.38,0.039
Dominican Republic,,2018,5.302,0.982,0.614,0.578,0.106
Algeria,,2018,5.295,0.979,0.687,0.077,0.135
Morocco,,2018,5.254,0.779,0.669,0.46,0.074
China,,2018,5.246,0.989,0.799,0.597,0.103
Azerbaijan,,2018,5.201,1.024,0.603,0.43,0.176
Tajikistan,,2018,5.199,0.474,0.598,0.292,0.034
Macedonia,,2018,5.185,0.959,0.691,0.394,0.052
Jordan,,2018,5.161,0.822,0.645,0.468,0.134
Nigeria,,2018,5.155,0.689,0.048,0.462,0.032
Kyrgyzstan,,2018,5.131,0.53,0.594,0.54,0.035
Bosnia and Herzegovina,,2018,5.129,0.915,0.758,0.28,0.0
Mongolia,,2018,5.125,0.914,0.575,0.395,0.032
Vietnam,,2018,5.103,0.715,0.702,0.618,0.079
Indonesia,,2018,5.093,0.899,0.522,0.538,0.018
Bhutan,,2018,5.082,0.796,0.527,0.541,0.171
Somalia,,2018,4.982,0.0,0.115,0.674,0.282
Cameroon,,2018,4.975,0.535,0.182,0.454,0.043
Bulgaria,,2018,4.933,1.054,0.712,0.359,0.009
Nepal,,2018,4.88,0.425,0.539,0.526,0.078
Venezuela,,2018,4.806,0.996,0.657,0.133,0.052
Gabon,,2018,4.758,1.036,0.404,0.356,0.052
Palestinian Territories,,2018,4.743,0.642,0.602,0.266,0.076
South Africa,,2018,4.724,0.94,0.33,0.516,0.056
Iran,,2018,4.707,1.059,0.691,0.459,0.129
Ivory Coast,,2018,4.671,0.541,0.08,0.467,0.103
Ghana,,2018,4.657,0.592,0.337,0.499,0.029
Senegal,,2018,4.631,0.429,0.433,0.406,0.082
Laos,,2018,4.623,0.72,0.441,0.626,0.174
Tunisia,,2018,4.592,0.9,0.69,0.271,0.063
Albania,,2018,4.586,0.916,0.79,0.419,0.032
Sierra Leone,,2018,4.571,0.256,0.0,0.355,0.053
Congo (Brazzaville),,2018,4.559,0.682,0.343,0.514,0.077
Bangladesh,,2018,4.5,0.532,0.579,0.58,0.144
Sri Lanka,,2018,4.471,0.918,0.672,0.585,0.05
Iraq,,2018,4.456,1.01,0.536,0.304,0.095
Mali,,2018,4.447,0.37,0.152,0.367,0.056
Namibia,,2018,4.441,0.874,0.365,0.519,0.064
Cambodia,,2018,4.433,0.549,0.457,0.696,0.065
Burkina Faso,,2018,4.424,0.314,0.254,0.312,0.128
Egypt,,2018,4.419,0.885,0.553,0.312,0.107
Mozambique,,2018,4.417,0.198,0.173,0.531,0.158
Kenya,,2018,4.41,0.493,0.454,0.504,0.055
Zambia,,2018,4.377,0.562,0.295,0.503,0.082
Mauritania,,2018,4.356,0.557,0.292,0.129,0.093
Ethiopia,,2018,4.35,0.308,0.391,0.452,0.146
Georgia,,2018,4.34,0.853,0.643,0.375,0.215
Armenia,,2018,4.321,0.816,0.666,0.26,0.028
Myanmar,,2018,4.308,0.682,0.429,0.58,0.178
Chad,,2018,4.301,0.358,0.053,0.189,0.06
Congo (Kinshasa),,2018,4.245,0.069,0.204,0.312,0.052
India,,2018,4.19,0.721,0.485,0.539,0.093
Niger,,2018,4.166,0.131,0.221,0.39,0.099
Uganda,,2018,4.161,0.322,0.237,0.45,0.061
Benin,,2018,4.141,0.378,0.24,0.44,0.067
Sudan,,2018,4.139,0.605,0.312,0.016,0.082
Ukraine,,2018,4.103,0.793,0.609,0.163,0.011
Togo,,2018,3.999,0.259,0.253,0.434,0.101
Guinea,,2018,3.964,0.344,0.211,0.394,0.094
Lesotho,,2018,3.808,0.472,0.079,0.423,0.112
Angola,,2018,3.795,0.73,0.269,0.0,0.061
Madagascar,,2018,3.774,0.262,0.402,0.221,0.049
Zimbabwe,,2018,3.692,0.357,0.248,0.406,0.099
Afghanistan,,2018,3.632,0.332,0.255,0.085,0.036
Botswana,,2018,3.59,1.017,0.417,0.557,0.092
Malawi,,2018,3.587,0.186,0.306,0.531,0.08
Haiti,,2018,3.582,0.315,0.289,0.025,0.104
Liberia,,2018,3.495,0.076,0.267,0.419,0.03
Syria,,2018,3.462,0.689,0.539,0.088,0.144
Rwanda,,2018,3.408,0.332,0.4,0.636,0.444
Yemen,,2018,3.355,0.442,0.343,0.244,0.064
Tanzania,,2018,3.303,0.455,0.381,0.481,0.097
South Sudan,,2018,3.254,0.337,0.177,0.112,0.106
Central African Republic,,2018,3.083,0.024,0.01,0.305,0.038
Burundi,,2018,2.905,0.091,0.145,0.065,0.076
Finland,,2019,7.769,1.34,0.986,0.596,0.393
Denmark,,2019,7.6,1.383,0.996,0.592,0.41
Norway,,2019,7.554,1.488,1.028,0.603,0.341
Iceland,,2019,7.494,1.38,1.026,0.591,0.118
Netherlands,,2019,7.488,1.396,0.999,0.557,0.298
Switzerland,,2019,7.48,1.452,1.052,0.572,0.343
Sweden,,2019,7.343,1.387,1.009,0.574,0.373
New Zealand,,2019,7.307,1.303,1.026,0.585,0.38
Canada,,2019,7.278,1.365,1.039,0.584,0.308
Austria,,2019,7.246,1.376,1.016,0.532,0.226
Australia,,2019,7.228,1.372,1.036,0.557,0.29
Costa Rica,,2019,7.167,1.034,0.963,0.558,0.093
Israel,,2019,7.139,1.276,1.029,0.371,0.082
Luxembourg,,2019,7.09,1.609,1.012,0.526,0.316
United Kingdom,,2019,7.054,1.333,0.996,0.45,0.278
Ireland,,2019,7.021,1.499,0.999,0.516,0.31
Germany,,2019,6.985,1.373,0.987,0.495,0.265
Belgium,,2019,6.923,1.356,0.986,0.473,0.21
United States,,2019,6.892,1.433,0.874,0.454,0.128
Czech Republic,,2019,6.852,1.269,0.92,0.457,0.036
United Arab Emirates,,2019,6.825,1.503,0.825,0.598,0.182
Malta,,2019,6.726,1.3,0.999,0.564,0.151
Mexico,,2019,6.595,1.07,0.861,0.433,0.073
France,,2019,6.592,1.324,1.045,0.436,0.183
Taiwan,,2019,6.446,1.368,0.914,0.351,0.097
Chile,,2019,6.444,1.159,0.92,0.357,0.056
Guatemala,,2019,6.436,0.8,0.746,0.535,0.078
Saudi Arabia,,2019,6.375,1.403,0.795,0.439,0.132
Qatar,,2019,6.374,1.684,0.871,0.555,0.167
Spain,,2019,6.354,1.286,1.062,0.362,0.079
Panama,,2019,6.321,1.149,0.91,0.516,0.054
Brazil,,2019,6.3,1.004,0.802,0.39,0.086
Uruguay,,2019,6.293,1.124,0.891,0.523,0.15
Singapore,,2019,6.262,1.572,1.141,0.556,0.453
El Salvador,,2019,6.253,0.794,0.789,0.43,0.074
Italy,,2019,6.223,1.294,1.039,0.231,0.03
Bahrain,,2019,6.199,1.362,0.871,0.536,0.11
Slovakia,,2019,6.198,1.246,0.881,0.334,0.014
Trinidad & Tobago,,2019,6.192,1.231,0.713,0.489,0.016
Poland,,2019,6.182,1.206,0.884,0.483,0.05
Uzbekistan,,2019,6.174,0.745,0.756,0.631,0.24
Lithuania,,2019,6.149,1.238,0.818,0.291,0.042
Colombia,,2019,6.125,0.985,0.841,0.47,0.034
Slovenia,,2019,6.118,1.258,0.953,0.564,0.057
Nicaragua,,2019,6.105,0.694,0.835,0.435,0.127
Kosovo,,2019,6.1,0.882,0.758,0.489,0.006
Argentina,,2019,6.086,1.092,0.881,0.471,0.05
Romania,,2019,6.07,1.162,0.825,0.462,0.005
Cyprus,,2019,6.046,1.263,1.042,0.406,0.041
Ecuador,,2019,6.028,0.912,0.868,0.498,0.087
Kuwait,,2019,6.021,1.5,0.808,0.493,0.097
Thailand,,2019,6.008,1.05,0.828,0.557,0.028
Latvia,,2019,5.94,1.187,0.812,0.264,0.064
South Korea,,2019,5.895,1.301,1.036,0.159,0.056
Estonia,,2019,5.893,1.237,0.874,0.495,0.161
Jamaica,,2019,5.89,0.831,0.831,0.49,0.028
Mauritius,,2019,5.888,1.12,0.798,0.498,0.06
Japan,,2019,5.886,1.327,1.088,0.445,0.14
Honduras,,2019,5.86,0.642,0.828,0.507,0.078
Kazakhstan,,2019,5.809,1.173,0.729,0.41,0.096
Bolivia,,2019,5.779,0.776,0.706,0.511,0.064
Hungary,,2019,5.758,1.201,0.828,0.199,0.02
Paraguay,,2019,5.743,0.855,0.777,0.514,0.08
Northern Cyprus,,2019,5.718,1.263,1.042,0.417,0.162
Peru,,2019,5.697,0.96,0.854,0.455,0.027
Portugal,,2019,5.693,1.221,0.999,0.508,0.025
Pakistan,,2019,5.653,0.677,0.535,0.313,0.098
Russia,,2019,5.648,1.183,0.726,0.334,0.031
Philippines,,2019,5.631,0.807,0.657,0.558,0.107
Serbia,,2019,5.603,1.004,0.854,0.282,0.039
Moldova,,2019,5.529,0.685,0.739,0.245,0.0
Libya,,2019,5.525,1.044,0.673,0.416,0.152
Montenegro,,2019,5.523,1.051,0.871,0.197,0.08
Tajikistan,,2019,5.467,0.493,0.718,0.389,0.144
Croatia,,2019,5.432,1.155,0.914,0.296,0.022
Hong Kong,,2019,5.43,1.438,1.122,0.44,0.287
Dominican Republic,,2019,5.425,1.015,0.779,0.497,0.101
Bosnia and Herzegovina,,2019,5.386,0.945,0.845,0.212,0.006
Turkey,,2019,5.373,1.183,0.808,0.195,0.106
Malaysia,,2019,5.339,1.221,0.828,0.508,0.024
Belarus,,2019,5.323,1.067,0.789,0.235,0.142
Greece,,2019,5.287,1.181,0.999,0.067,0.034
Mongolia,,2019,5.285,0.948,0.667,0.317,0.038
North Macedonia,,2019,5.274,0.983,0.838,0.345,0.034
Nigeria,,2019,5.265,0.696,0.245,0.426,0.041
Kyrgyzstan,,2019,5.261,0.551,0.723,0.508,0.023
Turkmenistan,,2019,5.247,1.052,0.657,0.394,0.028
Algeria,,2019,5.211,1.002,0.785,0.086,0.114
Morocco,,2019,5.208,0.801,0.782,0.418,0.076
Azerbaijan,,2019,5.208,1.043,0.769,0.351,0.182
Lebanon,,2019,5.197,0.987,0.815,0.216,0.027
Indonesia,,2019,5.192,0.931,0.66,0.491,0.028
China,,2019,5.191,1.029,0.893,0.521,0.1
Vietnam,,2019,5.175,0.741,0.851,0.543,0.073
Bhutan,,2019,5.082,0.813,0.604,0.457,0.167
Cameroon,,2019,5.044,0.549,0.331,0.381,0.037
Bulgaria,,2019,5.011,1.092,0.815,0.311,0.004
Ghana,,2019,4.996,0.611,0.486,0.381,0.04
Ivory Coast,,2019,4.944,0.569,0.232,0.352,0.09
Nepal,,2019,4.913,0.446,0.677,0.439,0.089
Jordan,,2019,4.906,0.837,0.815,0.383,0.13
Benin,,2019,4.883,0.393,0.397,0.349,0.082
Congo (Brazzaville),,2019,4.812,0.673,0.508,0.372,0.093
Gabon,,2019,4.799,1.057,0.571,0.295,0.055
Laos,,2019,4.796,0.764,0.551,0.547,0.164
South Africa,,2019,4.722,0.96,0.469,0.389,0.055
Albania,,2019,4.719,0.947,0.874,0.383,0.027
Venezuela,,2019,4.707,0.96,0.805,0.154,0.047
Cambodia,,2019,4.7,0.574,0.637,0.609,0.062
Palestinian Territories,,2019,4.696,0.657,0.672,0.225,0.066
Senegal,,2019,4.681,0.45,0.571,0.292,0.072
Somalia,,2019,4.668,0.0,0.268,0.559,0.27
Namibia,,2019,4.639,0.879,0.477,0.401,0.056
Niger,,2019,4.628,0.138,0.366,0.318,0.102
Burkina Faso,,2019,4.587,0.331,0.38,0.255,0.113
Armenia,,2019,4.559,0.85,0.815,0.283,0.064
Iran,,2019,4.548,1.1,0.785,0.305,0.125
Guinea,,2019,4.534,0.38,0.375,0.332,0.086
Georgia,,2019,4.519,0.886,0.752,0.346,0.164
Gambia,,2019,4.516,0.308,0.428,0.382,0.167
Kenya,,2019,4.509,0.512,0.581,0.431,0.053
Mauritania,,2019,4.49,0.57,0.489,0.066,0.088
Mozambique,,2019,4.466,0.204,0.39,0.494,0.138
Tunisia,,2019,4.461,0.921,0.815,0.167,0.055
Bangladesh,,2019,4.456,0.562,0.723,0.527,0.143
Iraq,,2019,4.437,1.043,0.574,0.241,0.089
Congo (Kinshasa),,2019,4.418,0.094,0.357,0.269,0.053
Mali,,2019,4.39,0.385,0.308,0.327,0.052
Sierra Leone,,2019,4.374,0.268,0.242,0.309,0.045
Sri Lanka,,2019,4.366,0.949,0.831,0.47,0.047
Myanmar,,2019,4.36,0.71,0.555,0.525,0.172
Chad,,2019,4.35,0.35,0.192,0.174,0.078
Ukraine,,2019,4.332,0.82,0.739,0.178,0.01
Ethiopia,,2019,4.286,0.336,0.532,0.344,0.1
Swaziland,,2019,4.212,0.811,0.0,0.313,0.135
Uganda,,2019,4.189,0.332,0.443,0.356,0.06
Egypt,,2019,4.166,0.913,0.644,0.241,0.067
Zambia,,2019,4.107,0.578,0.426,0.431,0.087
Togo,,2019,4.085,0.275,0.41,0.293,0.085
India,,2019,4.015,0.755,0.588,0.498,0.085
Liberia,,2019,3.975,0.073,0.443,0.37,0.033
Comoros,,2019,3.973,0.274,0.505,0.142,0.078
Madagascar,,2019,3.933,0.274,0.555,0.148,0.041
Lesotho,,2019,3.802,0.489,0.168,0.359,0.093
Burundi,,2019,3.775,0.046,0.38,0.22,0.18
Zimbabwe,,2019,3.663,0.366,0.433,0.361,0.089
Haiti,,2019,3.597,0.323,0.449,0.026,0.11
Botswana,,2019,3.488,1.041,0.538,0.455,0.1
Syria,,2019,3.462,0.619,0.44,0.013,0.141
Malawi,,2019,3.41,0.191,0.495,0.443,0.089
Yemen,,2019,3.38,0.287,0.463,0.143,0.077
Rwanda,,2019,3.334,0.359,0.614,0.555,0.411
Tanzania,,2019,3.231,0.476,0.499,0.417,0.147
Afghanistan,,2019,3.203,0.35,0.361,0.0,0.025
Central African Republic,,2019,3.083,0.026,0.105,0.225,0.035
South Sudan,,2019,2.853,0.306,0.295,0.01,0.091
